OMDb_Title,OMDb_Director,OMDb_Gender,OMDb_Year,OMDb_Country,Spalte_voller_Unsinn,OMDb_Genre 1,OMDb_Genre 2,OMDb_Genre 3,OMDb_Language,OMDb_Runtime,IMDb_Rating,OMDb_Actors,OMDb_Ploooooooooooot,IMDb_Votes,IMDb ID
black panther,Ryan Coogler,male,2018,United States,hier,Action,Adventure,Sci-Fi,"English, Swahili, Nama, Xhosa, Korean",134 min,7.2999999999999998,"Chadwick Boseman, Michael B. Jordan, Lupita Nyong'o","T'Challa, heir to the hidden but advanced kingdom of Wakanda, must step forward to lead his people into a new future and must confront a challenger from his country's past.",717848,tt1825683
roma,Alfonso Cuarón,male,2018,"Mexico, United States",steht,Drama,,,"Spanish, Mixtec, English, Japanese, German, French, Norwegian",135 min,7.7000000000000002,"Yalitza Aparicio, Marina de Tavira, Diego Cortina Autrey",A year in the life of a middle-class family's maid in Mexico City in the early 1970s.,154377,tt6155172
ready player one,Steven Spielberg, male,2018,"United States, India",einfach,Action,Adventure,Sci-Fi,English,140 min,7.4000000000000004,"Tye Sheridan, Olivia Cooke, Ben Mendelsohn","When the creator of a virtual reality called the OASIS dies, he makes a posthumous challenge to all OASIS users to find his Easter Egg, which will give the finder his fortune and control of his world.",419880,tt1677720
annihilation,Alex Garland,male,2018,"United States, United Kingdom",so,Adventure,Drama,Horror,English,115 min,6.7999999999999998,"Natalie Portman, Jennifer Jason Leigh, Tessa Thompson","A biologist signs up for a dangerous, secret expedition into a mysterious zone where the laws of nature don't apply.",313824,tt2798920
blackkklansman,Spike Lee,male,2018,United States,gar,Biography,Comedy,Crime,English,135 min,7.5,"John David Washington, Adam Driver, Laura Harrier","Ron Stallworth, an African American police officer from Colorado Springs, CO, successfully manages to infiltrate the local Ku Klux Klan branch with the help of a Jewish surrogate who eventually becomes its leader. Based on actual eve",254868,tt7349662
wonder woman,Patty Jenkins,female,2017,United States,nichts,Action,Adventure,Fantasy,"English, German, Dutch, Flemish, French, Spanish, Chinese, Greek, Ancient (to 1453), North American Indian",141 min,7.4000000000000004,"Gal Gadot, Chris Pine, Robin Wright","When a pilot crashes and tells of conflict in the outside world, Diana, an Amazonian warrior in training, leaves home to fight a war, discovering her full powers and true destiny.",635490,tt0451279
lady bird,Greta Gerwig,female,2017,United States,Nützliches,Comedy,Drama,,"English, Spanish",94 min,7.4000000000000004,"Saoirse Ronan, Laurie Metcalf, Tracy Letts","In 2002, an artistically inclined seventeen-year-old girl comes of age in Sacramento, California.",277790,tt4925292
blade runner 2049,Denis Villeneuve,male,2017,"United States, United Kingdom, Canada, Spain",aber,Action,Drama,Mystery,"English, Finnish, Japanese, Hungarian, Russian, Somali, Spanish",164 min,8,"Harrison Ford, Ryan Gosling, Ana de Armas","Young Blade Runner K's discovery of a long-buried secret leads him to track down former Blade Runner Rick Deckard, who's been missing for thirty years.",537789,tt1856101
the shape of water,Guillermo del Toro,male,2017,"United States, Mexico",auch,Drama,Fantasy,Romance,"English, American Sign , Russian, French",123 min,7.2999999999999998,"Sally Hawkins, Octavia Spencer, Michael Shannon","At a top secret research facility in the 1960s, a lonely janitor forms a unique relationship with an amphibious creature that is being held in captivity.",408323,tt5580390
call me by your name,Luca Guadagnino,male,2017,"Italy, France, United States, Brazil",wirklich,Drama,Romance,,"English, Italian, French, German, Hebrew",132 min,7.7999999999999998,"Armie Hammer, Timothée Chalamet, Michael Stuhlbarg","In 1980s Italy, romance blossoms between a seventeen-year-old student and the older man hired as his father's research assistant.",258131,tt5726616
get out,Jordan Peele,male,2017,"United States, Japan",gar,Horror,Mystery,Thriller,"English, Swahili",104 min,7.7000000000000002,"Daniel Kaluuya, Allison Williams, Bradley Whitford","A young African-American visits his white girlfriend's parents for the weekend, where his simmering uneasiness about their reception of him eventually reaches a boiling point.",559071,tt5052448
baby driver,Edgar Wright,male,2017,"United Kingdom, United States",nichts,Action,Crime,Drama,"English, American Sign ",113 min,7.5999999999999996,"Ansel Elgort, Jon Bernthal, Jon Hamm","After being coerced into working for a crime boss, a young getaway driver finds himself taking part in a heist doomed to fail.",509966,tt3890160
dunkirk,Christopher Nolan, male,2017,"United Kingdom, Netherlands, France, United States",Nützliches,Action,Drama,History,"English, French, German",106 min,7.7999999999999998,"Fionn Whitehead, Barry Keoghan, Mark Rylance","Allied soldiers from Belgium, the British Commonwealth and Empire, and France are surrounded by the German Army and evacuated during a fierce battle in World War II.",630058,tt5013056
the florida project,Sean Baker,male,2017,United States,dumdidum,Drama,,,"English, Spanish, Portuguese",111 min,7.5999999999999996,"Brooklynn Prince, Bria Vinaite, Willem Dafoe","Set over one summer, the film follows precocious six-year-old Moonee as she courts mischief and adventure with her ragtag playmates and bonds with her rebellious but caring mother, all while living in the shadows of Walt Disney Wo...",110976,tt5649144
moonlight,Barry Jenkins,male,2016,United States,dumdidum,Drama,,,English,111 min,7.4000000000000004,"Mahershala Ali, Naomie Harris, Trevante Rhodes","A young African-American man grapples with his identity and sexuality while experiencing the everyday struggles of childhood, adolescence, and burgeoning adulthood.",299810,tt4975722
i am not your negro,Raoul Peck,male,2016,"France, United States, Belgium, Switzerland",dumdidum,Documentary,History,,"English, French",93 min,7.9000000000000004,"Samuel L. Jackson, James Baldwin, Martin Luther King","Writer James Baldwin tells the story of race in modern America with his unfinished novel, Remember This House.",21732,tt5804038
arrival,Denis Villeneuve,male,2016,"United States, Canada",dumdidum,Drama,Sci-Fi,,"English, Russian, Mandarin",116 min,7.9000000000000004,"Amy Adams, Jeremy Renner, Forest Whitaker",A linguist works with the military to communicate with alien lifeforms after twelve mysterious spacecraft appear around the world.,667662,tt2543164
hidden figures,Theodore Melfi,male,2016,United States,dumdidum,Biography,Drama,History,English,127 min,7.7999999999999998,"Taraji P. Henson, Octavia Spencer, Janelle Monáe",The story of a team of female African-American mathematicians who served a vital role in NASA during the early years of the U.S. space program.,222059,tt4846340
"i, daniel blake",Ken Loach, male,2016,"United Kingdom, France, Belgium",dumdidum,Drama,,,English,100 min,7.7999999999999998,"Dave Johns, Hayley Squires, Sharon Percy","After surviving a heart-attack, a 59-year-old carpenter must fight bureaucratic forces to receive Employment and Support Allowance.",59164,tt5168192
lo and behold: reveries of the connected world,Werner Herzog,male,2016,United States,dumdidum,Documentary,,,English,98 min,7,"Elon Musk, Lawrence Krauss, Lucianne Walkowicz",Werner Herzog's exploration of the Internet and the connected world.,12783,tt5275828
la la land,Damien Chazelle,male,2016,"United States, Hong Kong",dumdidum,Comedy,Drama,Music,"English, Cantonese",128 min,8,"Ryan Gosling, Emma Stone, Rosemarie DeWitt","While navigating their careers in Los Angeles, a pianist and an actress fall in love while attempting to reconcile their aspirations for the future.",563603,tt3783958
"hail, caesar!","Ethan Coen, Joel Coen",male,2016,"United States, United Kingdom, Japan",dumdidum,Comedy,Drama,Mystery,English,106 min,6.2999999999999998,"Josh Brolin, George Clooney, Alden Ehrenreich",A Hollywood fixer in the 1950s works to keep the studio's stars in line.,133043,tt0475290
the danish girl,Tom Hooper,male,2015,"United Kingdom, United States, Germany, Denmark, Belgium, Japan",dumdidum,Biography,Drama,Romance,"English, French, German",119 min,7.0999999999999996,"Eddie Redmayne, Alicia Vikander, Amber Heard",A fictitious love story loosely inspired by the lives of Danish artists Lili Elbe and Gerda Wegener. Lili and Gerda's marriage and work evolve as they navigate Lili's groundbreaking journey as a transgender pioneer.,180350,tt0810819
silence,Martin Scorsese,male,2016,"United States, United Kingdom, Taiwan, Japan, Mexico, Italy",dumdidum,Drama,History,,"English, Japanese, Latin",161 min,7.0999999999999996,"Andrew Garfield, Adam Driver, Liam Neeson","In the 17th century, two Portuguese Jesuit priests travel to Japan in an attempt to locate their mentor, who is rumored to have committed apostasy, and to propagate Catholicism.",110408,tt0490215
embrace of the serpent,Ciro Guerra,male,2015,"Colombia, Venezuela, Argentina",dumdidum,Adventure,Biography,Drama,"Spanish, Portuguese, Aboriginal, German, Catalan, Latin, English",125 min,7.7999999999999998,"Nilbio Torres, Jan Bijvoet, Antonio Bolívar","The story of the relationship between Karamakate, an Amazonian shaman and last survivor of his people, and two scientists who work together over the course of forty years to search the Amazon for a sacred healing plant.",22589,tt4285496
toni erdmann,Maren Ade,female,2016,"Germany, Austria, Monaco, Romania, France, Switzerland",dumdidum,Comedy,Drama,,"German, English, Romanian",162 min,7.2999999999999998,"Sandra Hüller, Peter Simonischek, Michael Wittenborn",A practical joking father tries to reconnect with his hard working daughter by creating an outrageous alter ego and posing as her CEO's life coach.,47922,tt4048272
mad max: fury road,George Miller,male,2015,"Australia, United States",dumdidum,Action,Adventure,Sci-Fi,"English, Russian",120 min,8.0999999999999996,"Tom Hardy, Charlize Theron, Nicholas Hoult","In a post-apocalyptic wasteland, a woman rebels against a tyrannical ruler in search for her homeland with the aid of a group of female prisoners, a psychotic worshiper, and a drifter named Max.",966247,tt1392190
the big short,Adam McKay,male,2015,United States,dumdidum,Biography,Comedy,Drama,English,130 min,7.7999999999999998,"Christian Bale, Steve Carell, Ryan Gosling","In 2006-2007 a group of investors bet against the US mortgage market. In their research, they discover how flawed and corrupt the market is.",414695,tt1596363
tangerine,Sean Baker,male,2015,United States,dumdidum,Comedy,Crime,Drama,"English, Armenian",88 min,7.0999999999999996,"Kitana Kiki Rodriguez, Mya Taylor, Karren Karagulian",A hooker tears through Tinseltown on Christmas Eve searching for the pimp who broke her heart.,31276,tt3824458
son of saul,László Nemes,male,2015,Hungary,dumdidum,Drama,War,,"Hungarian, Yiddish, German, Russian, Polish, French, Greek, Slovak, Hebrew",107 min,7.4000000000000004,"Géza Röhrig, Levente Molnár, Urs Rechn",A Jewish-Hungarian concentration camp prisoner sets out to give a child he mistook for his son a proper burial.,48279,tt3808342
star wars: episode vii - the force awakens,J.J. Abrams,male,2015,United States,dumdidum,Action,Adventure,Sci-Fi,English,138 min,7.9000000000000004,"Daisy Ridley, John Boyega, Oscar Isaac","As a new threat to the galaxy rises, Rey, a desert scavenger, and Finn, an ex-stormtrooper, must join Han Solo and Chewbacca to search for the one hope of restoring peace.",907420,tt2488496
spotlight,Tom McCarthy, male,2015,United States,dumdidum,Biography,Crime,Drama,English,129 min,8.0999999999999996,"Mark Ruffalo, Michael Keaton, Rachel McAdams","The true story of how the Boston Globe uncovered the massive scandal of child molestation and cover-up within the local Catholic Archdiocese, shaking the entire Catholic Church to its core.",459564,tt1895587
carol,Todd Haynes, male,2015,"United Kingdom, United States, Australia",dumdidum,Drama,Romance,,English,118 min,7.2000000000000002,"Cate Blanchett, Rooney Mara, Sarah Paulson",An aspiring photographer develops an intimate relationship with an older woman in 1950s New York.,127017,tt2402927
the hateful eight,Quentin Tarantino,male,2015,United States,dumdidum,Crime,Drama,Mystery,"English, Spanish, French",168 min,7.7999999999999998,"Samuel L. Jackson, Kurt Russell, Jennifer Jason Leigh","In the dead of a Wyoming winter, a bounty hunter and his prisoner find shelter in a cabin currently inhabited by a collection of nefarious characters.",578726,tt3460252
mustang,Deniz Gamze Ergüven,female,2015,"France, Germany, Turkey, Qatar",dumdidum,Drama,,,Turkish,97 min,7.5999999999999996,"Günes Sensoy, Doga Zeynep Doguslu, Tugba Sunguroglu","When five orphan girls are seen innocently playing with boys on a beach, their scandalized conservative guardians confine them while forced marriages are arranged.",38154,tt3966404
the lobster,Yorgos Lanthimos,male,2015,"Ireland, United Kingdom, Greece, France, Netherlands, United States",dumdidum,Comedy,Drama,Romance,"English, French, Greek",119 min,7.0999999999999996,"Colin Farrell, Rachel Weisz, Jessica Barden","In a dystopian near future, single people, according to the laws of The City, are taken to The Hotel, where they are obliged to find a romantic partner in forty-five days or are transformed into beasts and sent off into The Woods.",248227,tt3464902
the grand budapest hotel,Wes Anderson,male,2014,"United States, Germany",dumdidum,Adventure,Comedy,Crime,"English, French, German",99 min,8.0999999999999996,"Ralph Fiennes, F. Murray Abraham, Mathieu Amalric","A writer encounters the owner of an aging high-class hotel, who tells him of his early years serving as a lobby boy in the hotel's glorious years under an exceptional concierge.",779342,tt2278388
the look of silence,Joshua Oppenheimer,male,2014,"Denmark, Indonesia, Finland, Norway, United Kingdom, Israel, France, United States, Germany, Netherlands",dumdidum,Documentary,Biography,History,Indonesian,103 min,8.3000000000000007,"Adi Rukun, M.Y. Basrun, Amir Hasan",A family that survived the genocide in Indonesia confronts the men who killed one of their brothers.,12792,tt3521134
girlhood,Céline Sciamma,female,2014,France,dumdidum,Drama,,,French,113 min,6.9000000000000004,"Karidja Touré, Assa Sylla, Lindsay Karamoh","A girl with few real prospects joins a gang, reinventing herself and gaining a sense of self confidence in the process. However, she soon finds that this new life does not necessarily make her any happier.",9276,tt3655522
interstellar,Christopher Nolan,male,2014,"United States, United Kingdom, Canada",dumdidum,Adventure,Drama,Sci-Fi,English,169 min,8.5999999999999996,"Matthew McConaughey, Anne Hathaway, Jessica Chastain",A team of explorers travel through a wormhole in space in an attempt to ensure humanity's survival.,1722354,tt0816692
her,Spike Jonze, male,2013,United States,dumdidum,Drama,Romance,Sci-Fi,English,126 min,8,"Joaquin Phoenix, Amy Adams, Scarlett Johansson","In a near future, a lonely writer develops an unlikely relationship with an operating system designed to meet his every need.",590680,tt1798709
under the skin,Jonathan Glazer,male,2013,"United Kingdom, Switzerland",dumdidum,Drama,Horror,Mystery,English,108 min,6.2999999999999998,"Scarlett Johansson, Jeremy McWilliams, Lynsey Taylor Mackay","A mysterious young woman seduces lonely men in the evening hours in Scotland. However, events lead her to begin a process of self-discovery.",139934,tt1441395
snowpiercer,Bong Joon Ho,male,2013,"South Korea, Czech Republic",dumdidum,Action,Sci-Fi,Thriller,"English, Korean, French, Japanese, Czech, German",126 min,7.0999999999999996,"Chris Evans, Jamie Bell, Tilda Swinton","In a future where a failed climate change experiment has killed all life except for the survivors who boarded the Snowpiercer (a train that travels around the globe), a new class system emerges.",352653,tt1706620
the bling ring,Sofia Coppola,female,2013,"United States, United Kingdom, France, Germany, Japan",dumdidum,Biography,Crime,Drama,English,90 min,5.5999999999999996,"Katie Chang, Israel Broussard, Emma Watson","Inspired by actual events, a group of fame-obsessed teenagers use the internet to track celebrities' whereabouts in order to rob their homes.",87278,tt2132285
the great gatsby,Baz Luhrmann,male,2013,"Australia, United States",dumdidum,Drama,Romance,,English,143 min,7.2000000000000002,"Leonardo DiCaprio, Carey Mulligan, Joel Edgerton","A writer and wall street trader, Nick, finds himself drawn to the past and lifestyle of his millionaire neighbor, Jay Gatsby.",525605,tt1343092
12 years a slave,Steve McQueen,male,2013,"United States, United Kingdom",dumdidum,Biography,Drama,History,English,134 min,8.0999999999999996,"Chiwetel Ejiofor, Michael Kenneth Williams, Michael Fassbender","In the antebellum United States, Solomon Northup, a free black man from upstate New York, is abducted and sold into slavery.",684534,tt2024544
ida,Pawel Pawlikowski,male,2013,"Poland, Denmark, France, United Kingdom",dumdidum,Drama,,,"Polish, Latin, French",82 min,7.4000000000000004,"Agata Kulesza, Agata Trzebuchowska, Dawid Ogrodnik",A novice nun about to take her vows uncovers a family secret dating back to the German occupation.,57167,tt2718492
a touch of sin,Zhangke Jia,male,2013,"China, Japan, France",dumdidum,Action,Drama,,"Mandarin, Cantonese, English",130 min,7.0999999999999996,"Wu Jiang, Baoqiang Wang, Tao Zhao",Four independent stories set in modern China about random acts of violence.,11556,tt2852400
frozen,"Chris Buck, Jennifer Lee",female,2013,United States,dumdidum,Animation,Adventure,Comedy,"English, Norwegian",102 min,7.4000000000000004,"Kristen Bell, Idina Menzel, Jonathan Groff","When the newly crowned Queen Elsa accidentally uses her power to turn things into ice to curse her home in infinite winter, her sister Anna teams up with a mountain man, his playful reindeer, and a snowman to change the weather condi",609969,tt2294629
inside llewyn davis,"Ethan Coen, Joel Coen", male,2013,"United States, United Kingdom, France",dumdidum,Comedy,Drama,Music,English,104 min,7.4000000000000004,"Oscar Isaac, Carey Mulligan, John Goodman",A week in the life of a young singer as he navigates the Greenwich Village folk scene of 1961.,151450,tt2042568
lee daniels' the butler,Lee Daniels,male,2013,United States,dumdidum,Biography,Drama,,English,132 min,7.2000000000000002,"Forest Whitaker, Oprah Winfrey, John Cusack","As Cecil Gaines serves eight presidents during his tenure as a butler at the White House, the civil rights movement, Vietnam, and other major events affect this man's life, family, and American society.",114248,tt1327773
only lovers left alive,Jim Jarmusch,male,2013,"United Kingdom, Germany, Greece, France",dumdidum,Comedy,Drama,Fantasy,"English, French, Arabic, Turkish",123 min,7.2000000000000002,"Tilda Swinton, Tom Hiddleston, Mia Wasikowska","A depressed musician reunites with his lover. Though their romance, which has already endured several centuries, is disrupted by the arrival of her uncontrollable younger sister.",99101,tt1714915
elysium,Neill Blomkamp,male,2013,United States,dumdidum,Action,Drama,Sci-Fi,"English, Spanish, French, Afrikaans, Ukrainian",109 min,6.5999999999999996,"Matt Damon, Jodie Foster, Sharlto Copley","In the year 2154, the very wealthy live on a man-made space station while the rest of the population resides on a ruined Earth. A man takes on a mission that could bring equality to the polarized worlds.",440429,tt1535108
the act of killing,"Joshua Oppenheimer, Anonymous, Christine Cynn",male,2012,"United Kingdom, Denmark, Norway",dumdidum,Documentary,Biography,Crime,"Indonesian, English",117 min,8.1999999999999993,"Anwar Congo, Herman Koto, Syamsul Arifin","A documentary which challenges former Indonesian death-squad leaders to reenact their mass-killings in whichever cinematic genres they wish, including classic Hollywood crime scenarios and lavish musical numbers.",37684,tt2375605
stories we tell,Sarah Polley,female,2012,Canada,dumdidum,Documentary,,,English,108 min,7.5,"Michael Polley, John Buchan, Mark Polley",A film that excavates layers of myth and memory to find the elusive truth at the core of a family of storytellers.,13208,tt2366450
how to survive a plague,David France,male,2012,United States,dumdidum,Documentary,History,News,English,110 min,7.5999999999999996,"Peter Staley, Larry Kramer, Iris Long",The story of two coalitions -- ACT UP and TAG (Treatment Action Group) -- whose activism and innovation turned AIDS from a death sentence into a manageable condition.,4068,tt2124803
django unchained,Quentin Tarantilo,male,2012,United States,dumdidum,Drama,Western,,"English, German, French, Italian",165 min,8.4000000000000004,"Jamie Foxx, Christoph Waltz, Leonardo DiCaprio","With the help of a German bounty-hunter, a freed slave sets out to rescue his wife from a brutal plantation-owner in Mississippi.",1490532,tt1853728
beasts of the southern wild,Benh Zeitlin,male,2012,United States,dumdidum,Adventure,Drama,Fantasy,English,93 min,7.2999999999999998,"Quvenzhané Wallis, Dwight Henry, Levy Easterly","Faced with both her hot-tempered father's fading health and melting ice-caps that flood her ramshackle bayou community and unleash ancient aurochs, six-year-old Hushpuppy must learn the ways of courage and love.",83055,tt2125435
amour,Michael Haneke,male,2012,"Austria, France, Germany",dumdidum,Drama,,,"French, English",127 min,7.9000000000000004,"Jean-Louis Trintignant, Emmanuelle Riva, Isabelle Huppert","Georges and Anne are an octogenarian couple. They are cultivated, retired music teachers. Their daughter, also a musician, lives in Britain with her family. One day, Anne has a stroke, and the couple's bond of love is severely tes...",98957,tt1602620
leviathan,"Lucien Castaing-Taylor, Verena Paravel",female,2012,"United Kingdom, France, United States",dumdidum,Documentary,,,English,87 min,6.5,"Brian Jannelle, Adrian Guillette, Arthur Smith",A documentary shot in the North Atlantic and focused on the commercial fishing industry.,3504,tt2332522
lincoln,Steven Spieelberg,male,2012,"United States, India",dumdidum,Biography,Drama,History,English,150 min,7.2999999999999998,"Daniel Day-Lewis, Sally Field, David Strathairn","As the American Civil War continues to rage, America's president struggles with continuing carnage on the battlefield as he fights with many inside his own cabinet on the decision to emancipate the slaves.",258038,tt0443272
life of pi,Ang Lee,male,2012,"United States, Taiwan, United Kingdom, Canada",dumdidum,Adventure,Drama,Fantasy,"English, Hindi, Japanese, French",127 min,7.9000000000000004,"Suraj Sharma, Irrfan Khan, Adil Hussain","A young man who survives a disaster at sea is hurtled into an epic journey of adventure and discovery. While cast away, he forms an unexpected connection with another survivor: a fearsome Bengal tiger.",617153,tt0454876
the hunger games,Gary Ross,male,2012,United States,dumdidum,Action,Adventure,Sci-Fi,English,142 min,7.2000000000000002,"Jennifer Lawrence, Josh Hutcherson, Liam Hemsworth",Katniss Everdeen voluntarily takes her younger sister's place in the Hunger Games: a televised competition in which two teenagers from each of the twelve Districts of Panem are chosen at random to fight to the death.,896681,tt1392170
much ado about nothing,Joss Whedon,male,2012,United States,dumdidum,Comedy,Drama,Romance,English,109 min,7,"Alexis Denisof, Amy Acker, Fran Kranz",A modern retelling of Shakespeare's classic comedy about two pairs of lovers with different takes on romance and a way with words.,16657,tt2094064
the untold history of the united states,N/A,male,2012,,dumdidum,,,,English,58,8.5,"Oliver Stone, Alan Shearman, Jim Ward",Oliver Stone 's re-examination of under-reported events in American history.,"9,064",tt1494191
holy motors,Leos Carax,male,2012,"France, Germany, Belgium",dumdidum,Drama,Fantasy,,"French, English, Chinese",115 min,7,"Denis Lavant, Edith Scob, Eva Mendes","A man boards a limousine to be driven to his day's work: nine mysterious ""appointments.""",45605,tt2076220
spring breakers,Harmony Korine,male,2012,"United States, France",dumdidum,Crime,Drama,Thriller,English,94 min,5.2999999999999998,"Vanessa Hudgens, Selena Gomez, Ashley Benson","Four college girls hold up a restaurant in order to fund their spring break vacation. While partying, drinking, and taking drugs, they are arrested, only to be bailed out by a drug and arms dealer.",141345,tt2101441
moonrise kingdom,Wes Anderson,male,2012,United States,dumdidum,Comedy,Drama,Romance,English,94 min,7.7999999999999998,"Jared Gilman, Kara Hayward, Bruce Willis","A pair of young lovers flee their New England town, which causes a local search party to fan out to find them.",343990,tt1748122
the reluctant fundamentalist,Mira Nair,female,2012,"United States, India, Qatar",dumdidum,Drama,Thriller,,"English, Tamil, Urdu",130 min,6.7999999999999998,"Riz Ahmed, Liev Schreiber, Kiefer Sutherland","A young Pakistani man is chasing corporate success on Wall Street. He finds himself embroiled in a conflict between his American Dream, a hostage crisis, and the enduring call of his family's homeland.",14055,tt2032557
melancholia,Lars von Trier,male,2011,"Denmark, Sweden, France, Germany",dumdidum,Drama,Sci-Fi,,English,135 min,7.0999999999999996,"Kirsten Dunst, Charlotte Gainsbourg, Kiefer Sutherland",Two sisters find their already strained relationship challenged as a mysterious new planet threatens to collide with Earth.,179501,tt1527186
hugo,Martin Scorsese,male,2011,"United States, United Kingdom, France",dumdidum,Adventure,Drama,Family,English,126 min,7.5,"Asa Butterfield, Chloë Grace Moretz, Christopher Lee","In 1931 Paris, an orphan living in the walls of a train station gets wrapped up in a mystery involving his late father and an automaton.",319565,tt0970179
the tree of life,Terrence Malick,male,2011,United States,dumdidum,Drama,Fantasy,,English,139 min,6.7999999999999998,"Brad Pitt, Sean Penn, Jessica Chastain","The story of a family in Waco, Texas in 1956. The eldest son witnesses the loss of innocence and struggles with his parents' conflicting teachings.",175621,tt0478304
tomboy,Céline Sciamma,female,2011,France,dumdidum,Drama,,,French,82 min,7.4000000000000004,"Zoé Héran, Malonn Lévana, Jeanne Disson","A family moves into a new neighborhood, and a 10-year-old named Laure deliberately presents as a boy named Mikhael to the neighborhood children.",20422,tt1847731
the artist,Michel Hazanavicius,male,2011,"France, Belgium, United States",dumdidum,Comedy,Drama,Romance,English,100 min,7.9000000000000004,"Jean Dujardin, Bérénice Bejo, John Goodman",An egomaniacal film star develops a relationship with a young dancer against the backdrop of Hollywood's silent era.,239795,tt1655442
prohibition,N/A,female,2011,United States,dumdidum,Documentary,History,,English,360 min,8.1999999999999993,"Peter Coyote, Pete Hamill, Catherine Gilbert Murdock","The story of the American activist struggle against the influence of alcohol, climaxing in the failed early 20th century nationwide era when it was banned.",3118,tt1950799
contagion,Steven Soderbergh,male,2011,"United Arab Emirates, United States",dumdidum,Drama,Thriller,,"English, Mandarin, Cantonese",106 min,6.7999999999999998,"Matt Damon, Kate Winslet, Jude Law","Healthcare professionals, government officials and everyday people find themselves in the midst of a pandemic as the CDC works to find a cure.",299947,tt1598778
the intouchables,"Olivier Nakache, Éric Toledano",male,2011,France,dumdidum,Biography,Comedy,Drama,"French, English",112 min,8.5,"François Cluzet, Omar Sy, Anne Le Ny","After he becomes a quadriplegic from a paragliding accident, an aristocrat hires a young man from the projects to be his caregiver.",829731,tt1675434
once upon a time in anatolia,Nuri Bilge Ceylan,male,2011,"Turkey, Bosnia and Herzegovina",dumdidum,Crime,Drama,,Turkish,157 min,7.9000000000000004,"Muhammet Uzuner, Yilmaz Erdogan, Taner Birsel",A group of men set out in search of a dead body in the Anatolian steppes.,45850,tt1827487
take shelter,Jeff Nichols,male,2011,United States,dumdidum,Drama,Sci-Fi,Thriller,English,120 min,7.2999999999999998,"Michael Shannon, Jessica Chastain, Shea Whigham","Plagued by a series of apocalyptic visions, a young husband and father questions whether to shelter his family from a coming storm, or from himself.",99572,tt1675192
the cabin in the woods,Drew Goddard,male,2011,United States,dumdidum,Horror,Mystery,Thriller,"English, Japanese",95 min,7,"Kristen Connolly, Chris Hemsworth, Anna Hutchison","Five friends go for a break at a remote cabin, where they get more than they bargained for, discovering the truth behind the cabin in the woods.",406253,tt1259521
a dangerous method,David Cronenberg,male,2011,"United Kingdom, Germany, Canada, United States",dumdidum,Biography,Drama,Romance,English,99 min,6.4000000000000004,"Michael Fassbender, Keira Knightley, Viggo Mortensen",A look at how the intense relationship between Carl Jung and Sigmund Freud gives birth to psychoanalysis.,102702,tt1571222
le havre,Aki Kaurismäki,male,2011,"Finland, France, Germany",dumdidum,Comedy,Drama,,French,93 min,7.2000000000000002,"André Wilms, Blondin Miguel, Jean-Pierre Darroussin","When an African boy arrives by cargo ship in the port city of Le Havre, an aging shoe shiner takes pity on the child and welcomes him into his home.",21638,tt1508675
inside job,Charles Ferguson,male,2010,United States,dumdidum,Documentary,Crime,,English,109 min,8.1999999999999993,"Matt Damon, Gylfi Zoega, Andri Snær Magnason",Takes a closer look at what brought about the 2008 financial meltdown.,74839,tt1645089
the tempest,Julie Taymor,female,2010,United States,dumdidum,Comedy,Drama,Fantasy,English,110 min,5.2999999999999998,"Helen Mirren, Felicity Jones, Djimon Hounsou","Shakespeare's epic play is translated from page to screen, with the gender of the main character, Prospero, changed from male to female.",7848,tt1274300
inception,Christopher Nolan,male,2010,"United States, United Kingdom",dumdidum,Action,Adventure,Sci-Fi,"English, Japanese, French",148 min,8.8000000000000007,"Leonardo DiCaprio, Joseph Gordon-Levitt, Elliot Page","A thief who steals corporate secrets through the use of dream-sharing technology is given the inverse task of planting an idea into the mind of a C.E.O., but his tragic past may doom the project and his team to disaster.",2262798,tt1375666
the social network,David Fincher,male,2010,United States,dumdidum,Biography,Drama,,"English, French",120 min,7.7999999999999998,"Jesse Eisenberg, Andrew Garfield, Justin Timberlake","As Harvard student Mark Zuckerberg creates the social networking site that would become known as Facebook, he is sued by the twins who claimed he stole their idea, and by the co-founder who was later squeezed out of the business.",681450,tt1285016
winter's bone,Debra Granik,female,2010,United States,dumdidum,Drama,Mystery,,English,100 min,7.0999999999999996,"Jennifer Lawrence, John Hawkes, Garret Dillahunt",An unflinching Ozark Mountain girl hacks through dangerous social terrain as she hunts down her drug-dealing father while trying to keep her family intact.,142169,tt1399683
black swan,Darren Aronofsky,male,2010,United States,dumdidum,Drama,Thriller,,"English, French, Italian",108 min,8,"Natalie Portman, Mila Kunis, Vincent Cassel","A committed dancer struggles to maintain her sanity after winning the lead role in a production of Tchaikovsky's ""Swan Lake"".",746376,tt0947798
the arbor,Clio Barnard,female,2010,,dumdidum,,,,English,94,7.2999999999999998,"Manjinder Virk, Christine Bottomley, Natalie Gavin",Portrayal of the late Bradford playwright Andrea Dunbar.,"1,993",tt1623008
true grit,"Ethan Coen, Joel Coen",male,2010,United States,dumdidum,Drama,Western,,English,110 min,7.5999999999999996,"Jeff Bridges, Matt Damon, Hailee Steinfeld",A stubborn teenager enlists the help of a tough U.S. Marshal to track down her father's murderer.,333764,tt1403865
toy story 3,Lee Unkrich,male,2010,United States,dumdidum,Animation,Adventure,Comedy,"English, Spanish",103 min,8.3000000000000007,"Tom Hanks, Tim Allen, Joan Cusack","The toys are mistakenly delivered to a day-care center instead of the attic right before Andy leaves for college, and it's up to Woody to convince the other toys that they weren't abandoned and to return home.",811710,tt0435761
nostalgia for the light,Patricio Guzmán,male,2010,"France, Germany, Chile, Spain",dumdidum,Documentary,,,"Spanish, English",90 min,7.5999999999999996,"Gaspar Galaz, Lautaro Núñez, Luís Henríquez","A documentary about two different searches conducted in the Chilean Atacama Desert: one by astronomers looking for answers about the history of the cosmos, and one by women looking for the remains of loved ones killed by Pinochet'...",5544,tt1556190
scott pilgrim vs. the world,Edgar Wright,male,2010,"United States, United Kingdom, Canada, Japan",dumdidum,Action,Comedy,Fantasy,English,112 min,7.5,"Michael Cera, Mary Elizabeth Winstead, Kieran Culkin","In a magically realistic version of Toronto, a young man must defeat his new girlfriend's seven evil exes one by one in order to win her heart.",414703,tt0446029
waiting for superman,Davis Guggenheim,male,2010,United States,dumdidum,Documentary,,,"English, Spanish",111 min,7.4000000000000004,"Charles Adams, Jonathan Alter, Robert Balfanz",An examination of the current state of education in America today.,11454,tt1566648
le quattro volte,Michelangelo Frammartino,male,2010,"Italy, Germany, Switzerland",dumdidum,Drama,,,None,88 min,7.2000000000000002,"Giuseppe Fuda, Bruno Timpano, Nazareno Timpano","An old shepherd lives his last days in a quiet medieval village perched high on the hills of Calabria, at the southernmost tip of Italy. He herds goats under skies that most villagers have deserted long ago. He is sick, and believ...",3978,tt1646975
incendies,Denis Villeneuve,male,2010,"Canada, France",dumdidum,Drama,Mystery,War,"French, Arabic, English",131 min,8.3000000000000007,"Lubna Azabal, Mélissa Désormeaux-Poulin, Maxim Gaudette",Twins journey to the Middle East to discover their family history and fulfill their mother's last wishes.,171486,tt1255953
alice in wonderland,Tim Burton,male,2010,United States,dumdidum,Adventure,Family,Fantasy,English,108 min,6.4000000000000004,"Mia Wasikowska, Johnny Depp, Helena Bonham Carter","Nineteen-year-old Alice returns to the magical world from her childhood adventure, where she reunites with her old friends and learns of her true destiny: to end the Red Queen's reign of terror.",406218,tt1014759
avatar,James Cameron,male,2009,United States,dumdidum,Action,Adventure,Fantasy,"English, Spanish",162 min,7.7999999999999998,"Sam Worthington, Zoe Saldana, Sigourney Weaver",A paraplegic Marine dispatched to the moon Pandora on a unique mission becomes torn between following his orders and protecting the world he feels is his home.,1189326,tt0499549
district 9,Neill Blomkamp,male,2009,"South Africa, United States, New Zealand, Canada",dumdidum,Action,Sci-Fi,Thriller,"English, Nyanja, Afrikaans, Zulu, Xhosa, Sotho",112 min,7.9000000000000004,"Sharlto Copley, David James, Jason Cope",Violence ensues after an extraterrestrial race forced to live in slum-like conditions on Earth finds a kindred spirit in a government agent exposed to their biotechnology.,669287,tt1136608
the road,John Hillcoat,male,2009,United States,dumdidum,Adventure,Drama,,English,111 min,7.2000000000000002,"Viggo Mortensen, Charlize Theron, Kodi Smit-McPhee","In a dangerous post-apocalyptic world, an ailing father defends his son as they slowly travel to the sea.",235991,tt0898367
inglourious basterds,Quentin Tarantino,male,2009,"Germany, United States",dumdidum,Adventure,Drama,War,"English, German, French, Italian",153 min,8.3000000000000007,"Brad Pitt, Diane Kruger, Eli Roth","In Nazi-occupied France during World War II, a plan to assassinate Nazi leaders by a group of Jewish U.S. soldiers coincides with a theatre owner's vengeful plans for the same.",1390167,tt0361748
fish tank,Andrea Arnold,female,2009,"Netherlands, United Kingdom",dumdidum,Drama,,,English,123 min,7.2999999999999998,"Katie Jarvis, Michael Fassbender, Kierston Wareing",Everything changes for 15-year-old Mia when her mum brings home a new boyfriend.,61910,tt1232776
samson & delilah,Warwick Thornton,male,2009,Australia,dumdidum,Drama,Romance,,"English, Aboriginal",101 min,7,"Rowan McNamara, Marissa Gibson, Mitjili Napanangka Gibson","A glue-sniffing boy and his girlfriend escape the government-controlled no-hope Aboriginal community they live in and go to the city, Alice Springs, looking for a better life.",3515,tt1340123
the national parks: america's best idea,N/A,male,2009,United States,dumdidum,Documentary,History,,English,120 min,8.5999999999999996,"Peter Coyote, William Cronon, Dayton Duncan","The history of the U.S. National Parks system, including the initial ideas which led to the world's first national parks and the expansion of the system over 150 years.",1770,tt1464482
a serious man,"Ethan Coen, Joel Coen",male,2009,"United Kingdom, France, United States",dumdidum,Comedy,Drama,,"English, Yiddish, Hebrew",106 min,7,"Michael Stuhlbarg, Richard Kind, Sari Lennick","Larry Gopnik, a Midwestern physics teacher, watches his life unravel over multiple sudden incidents. Though seeking meaning and answers amidst his turmoils, he seems to keep sinking.",141301,tt1019452
where the wild things are,Spike Jonze,male,2009,"Germany, United States, Australia",dumdidum,Adventure,Drama,Family,English,101 min,6.7000000000000002,"Max Records, Catherine O'Hara, Forest Whitaker","Yearning for escape and adventure, a young boy runs away from home and sails to an island filled with creatures that take him in as their king.",104313,tt0386117
the blind side,John Lee Hancock,male,2009,United States,dumdidum,Biography,Drama,Sport,English,129 min,7.5999999999999996,"Quinton Aaron, Sandra Bullock, Tim McGraw","The story of Michael Oher, a homeless and traumatized boy who became an All-American football player and first-round NFL draft pick with the help of a caring woman and her family.",323297,tt0878804
coraline,Henry Selick,male,2009,,dumdidum,,,,"English, Russian",100,7.7000000000000002,"Dakota Fanning, Teri Hatcher, John Hodgman","An adventurous 11-year-old girl finds another world that is a strangely idealized version of her frustrating home, but it has sinister secrets.","219,550",tt0327597
watchmen,Zack Snyder,male,2009,,dumdidum,,,,English,162,7.5999999999999996,"Jackie Earle Haley, Patrick Wilson, Carla Gugino","In 1985 where former superheroes exist, the murder of a colleague sends active vigilante Rorschach into his own sprawling investigation, uncovering something that could completely change the course of history as we know it.","540,442",tt0409459
antichrist,Lars von Trier,male,2009,,dumdidum,,,,English,108,6.5,"Willem Dafoe, Charlotte Gainsbourg, Storm Acheche Sahlstrøm","A grieving couple retreat to their cabin in the woods, hoping to repair their broken hearts and troubled marriage, but nature takes its course and things go from bad to worse.","124,979",tt0870984
bright star,Jane Campion,female,2009,,dumdidum,,,,"English, French",119,6.9000000000000004,"Abbie Cornish, Ben Whishaw, Paul Schneider",The three-year romance between 19th-century poet John Keats and Fanny Brawne near the end of his life.,"27,305",tt0810784
500 days of summer,Marc Webb,male,2009,,dumdidum,,,,"English, French, Swedish",95,7.7000000000000002,"Zooey Deschanel, Joseph Gordon-Levitt, Geoffrey Arend","After being dumped by the girl he believes to be his soulmate, hopeless romantic Tom Hansen reflects on their relationship to try and figure out where things went wrong and how he can win her back.","501,921",tt1022603
fantastic mr. fox,Wes Anderson,male,2009,,dumdidum,,,,"English, French",87,7.9000000000000004,"George Clooney, Meryl Streep, Bill Murray",An urbane fox cannot resist returning to his farm raiding ways and then must help his community survive the farmers' retaliation.,"224,275",tt0432283
sweetgrass,"Ilisa Barbash, Lucien Castaing-Taylor",female,2009,,dumdidum,,,,English,101,6.7999999999999998,N/A,"In the summer of 2003, a group of shepherds took a herd of sheep one final time through the Beartooth Mountains of Montana, in the extreme north-west of the United States. It was a journey of almost three hundred kilometres throug...","1,047",tt1517252
enter the void,Gaspar Noé,male,2009,,dumdidum,,,,"English, Japanese",161,7.2000000000000002,"Nathaniel Brown, Paz de la Huerta, Cyril Roy","An American drug dealer living in Tokyo is betrayed by his best friend and killed in a drug deal. His soul, observing the repercussions of his death, seeks resurrection.","78,214",tt1191111
waltz with bashir,Ari Folman,male,2008,,dumdidum,,,,"Hebrew, Arabic, German, English",90,8,"Ari Folman, Ron Ben-Yishai, Ronny Dayag",An Israeli film director interviews fellow veterans of the 1982 invasion of Lebanon to reconstruct his own memories of his term of service in that conflict.,"57,639",tt1185616
let the right one in,Tomas Alfredson,male,2008,,dumdidum,,,,"Swedish, Spanish",114,7.9000000000000004,"Kåre Hedebrant, Lina Leandersson, Per Ragnar","Oskar, an overlooked and bullied boy, finds love and revenge through Eli, a beautiful but peculiar girl.","214,495",tt1139797
the dark knight,Christopher Nolan,male,2008,,dumdidum,,,,"English, Mandarin",152,9,"Christian Bale, Heath Ledger, Aaron Eckhart","When the menace known as the Joker wreaks havoc and chaos on the people of Gotham, Batman must accept one of the greatest psychological and physical tests of his ability to fight injustice.","2,547,075",tt0468569
the class,Laurent Cantet,male,2008,,dumdidum,,,,"French, Bambara, Spanish",128,7.5,"François Bégaudeau, Agame Malembo-Emene, Angélica Sancio",Teacher and novelist François Bégaudeau plays a version of himself as he negotiates a year with his racially mixed students from a tough Parisian neighborhood.,"35,217",tt1068646
slumdog millionaire,"Danny Boyle, Loveleen Tandan",male,2008,,dumdidum,,,,"English, Hindi, French, German",120,8,"Dev Patel, Freida Pinto, Saurabh Shukla","A Mumbai teenager reflects on his life after being accused of cheating on the Indian version of ""Who Wants to be a Millionaire?"".","832,625",tt1010048
hunger,Steve McQueen,male,2008,,dumdidum,,,,"English, Irish Gaelic",96,7.5,"Stuart Graham, Laine Megaw, Brian Milligan",Irish republican Bobby Sands leads the inmates of a Northern Irish prison in a hunger strike.,"69,872",tt0986233
wall·e,Andrew Stanton,male,2008,,dumdidum,,,,"English, Hindi",98,8.4000000000000004,"Ben Burtt, Elissa Knight, Jeff Garlin","In the distant future, a small waste-collecting robot inadvertently embarks on a space journey that will ultimately decide the fate of mankind.","1,081,263",tt0910970
australia,Baz Luhrmann,male,2008,,dumdidum,,,,"English, Aboriginal, Chinese, Japanese",165,6.5999999999999996,"Nicole Kidman, Hugh Jackman, Shea Adams","Set in northern Australia before WWII, an Englishwoman who inherits a sprawling ranch reluctantly pacts with a stock-man in order to drive 2,000 head of cattle over unforgiving landscapes.","123,678",tt0455824
standard operating procedure,Errol Morris,male,2008,,dumdidum,,,,English,116,7.4000000000000004,"Megan Ambuhl Graner, Javal Davis, Ken Davis",Errol Morris examines the incidents of abuse and torture of suspected terrorists at the hands of U.S. forces at the Abu Ghraib prison.,"3,998",tt0896866
gran torino,Clint Eastwood,male,2008,,dumdidum,,,,"English, Hmong",116,8.0999999999999996,"Clint Eastwood, Bee Vang, Christopher Carley","Disgruntled Korean War veteran Walt Kowalski sets out to reform his neighbor, Thao Lor, a Hmong teenager who tried to steal Kowalski's prized possession: a 1972 Gran Torino.","760,429",tt1205489
twilight,Catherine Hardwicke,female,2008,,dumdidum,,,,English,122,5.2000000000000002,"Kristen Stewart, Robert Pattinson, Billy Burke","When Bella Swan moves to a small town in the Pacific Northwest, she falls in love with Edward Cullen, a mysterious classmate who reveals himself to be a 108-year-old vampire.","453,523",tt1099212
gomorrah,Matteo Garrone,male,2008,,dumdidum,,,,"Neapolitan, Italian, Mandarin, French",137,7,"Gianfelice Imparato, Salvatore Abbruzzese, Toni Servillo","Scampia Vele is the corbusian architecture which has become a stronghold for Mafia of Naples, Italy.","48,679",tt0929425
the reader,Stephen Daldry,male,2008,,dumdidum,,,,"English, German, Greek, Latin",124,7.5999999999999996,"Kate Winslet, Ralph Fiennes, Bruno Ganz","Post-WWII Germany: Nearly a decade after his affair with an older woman came to a mysterious end, law student Michael Berg re-encounters his former lover as she defends herself in a war-crime trial.","241,634",tt0976051
wendy and lucy,Kelly Reichardt,female,2008,,dumdidum,,,,English,80,7.0999999999999996,"Michelle Williams, Lucy, David Koppell","Over the summer, a series of unfortunate happening triggers a financial crisis for a young woman and she soon finds her life falling apart.","18,167",tt1152850
milk,Gus Van Sant,male,2008,,dumdidum,,,,English,128,7.5,"Sean Penn, Josh Brolin, Emile Hirsch",The story of Harvey Milk and his struggles as an American gay activist who fought for gay rights and became California's first openly gay elected official.,"171,435",tt1013753
in bruges,Martin McDonagh,male,2008,,dumdidum,,,,English,107,7.9000000000000004,"Colin Farrell, Brendan Gleeson, Ciarán Hinds","Guilt-stricken after a job gone wrong, hitman Ray and his partner await orders from their ruthless boss in Bruges, Belgium, the last place in the world Ray wants to be.","413,090",tt0780536
"synecdoche, new york",Charlie Kaufman,male,2008,,dumdidum,,,,"English, German",124,7.5,"Philip Seymour Hoffman, Samantha Morton, Michelle Williams","A theatre director struggles with his work, and the women in his life, as he creates a life-size replica of New York City inside a warehouse as part of his new play.","89,997",tt0383028
cloverfield,Matt Reeves,male,2008,,dumdidum,,,,"English, Russian, French, Japanese",85,7,"Mike Vogel, Jessica Lucas, Lizzy Caplan",A group of friends venture deep into the streets of New York on a rescue mission during a rampaging monster attack.,"392,160",tt1060277
sita sings the blues,Nina Paley,female,2008,,dumdidum,,,,English,82,7.5999999999999996,"Annette Hanshaw, Aseem Chhabra, Bhavana Nagulapally",An animated version of the epic Indian tale of Ramayana set to the 1920s jazz vocals of Annette Hanshaw.,"4,717",tt1172203
departures,Yôjirô Takita,male,2008,,dumdidum,,,,Japanese,130,8,"Masahiro Motoki, Ryôko Hirosue, Tsutomu Yamazaki",A newly unemployed cellist takes a job preparing the dead for funerals.,"51,638",tt1069238
the wrestler,Darren Aronofsky,male,2008,,dumdidum,,,,English,109,7.9000000000000004,"Mickey Rourke, Marisa Tomei, Evan Rachel Wood","A faded professional wrestler must retire, but finds his quest for a new life outside the ring a dispiriting struggle.","302,481",tt1125849
revolutionary road,Sam Mendes,male,2008,,dumdidum,,,,English,119,7.2999999999999998,"Leonardo DiCaprio, Kate Winslet, Christopher Fitzgerald",A young couple living in a Connecticut suburb during the mid-1950s struggle to come to terms with their personal problems while trying to raise their two children.,"210,213",tt0959337
be kind rewind,Michel Gondry,male,2008,,dumdidum,,,,English,102,6.4000000000000004,"Jack Black, Yasiin Bey, Danny Glover","Two bumbling store clerks inadvertently erase the footage from all of the tapes in their video rental store. In order to keep the business running, they re-shoot every film in the store with their own camera, with a budget of zero...","90,990",tt0799934
medicine for melancholy,Barry Jenkins,male,2008,,dumdidum,,,,English,88,6.5999999999999996,"Wyatt Cenac, Tracey Heggins, Elizabeth Acker",Twenty-four hours in the tentative relationship of two young San Franciscans also dealing with the conundrum of being a minority in a rapidly gentrifying city.,"2,223",tt1133989
vicky cristina barcelona,Woody Allen,male,2008,,dumdidum,,,,"English, Spanish",96,7.0999999999999996,"Rebecca Hall, Scarlett Johansson, Javier Bardem","Two friends on a summer holiday in Spain become enamored with the same painter, unaware that his ex-wife, with whom he has a tempestuous relationship, is about to re-enter the picture.","253,304",tt0497465
the wolf of wall street,Martin Scorsese,male,2013,,dumdidum,,,,"English, French",180,8.1999999999999993,"Leonardo DiCaprio, Jonah Hill, Margot Robbie","Based on the true story of Jordan Belfort, from his rise to a wealthy stock-broker living the high life to his fall involving crime, corruption and the federal government.","1,335,973",tt0993846
